test.arepresentative;COMPLEXssap!;c8f825cd-c3ab-4c13-9645-a929b99a1209;06dd4322-c1d0-39fb-b25f-1f5a649e697c;2015-08-31T21:00:00Z;2015-08-31T21:15:00Z
tem;COMPLEXssap!;07235ef2-4db8-4d2a-affe-e23830e34295;08ec8a7f-5855-359e-b2af-ad0013c47b6a;2015-08-31T21:00:00Z;2015-08-31T21:15:00Z
test.arepresentative;COMPLEXssap!;c8f825cd-c3ab-4c13-9645-a929b99a1209;1852cb86-2527-46d6-8b71-96be7388ab51;2015-08-31T21:00:00Z;2015-08-31T21:15:00Z
tem;COMPLEXssap!;07235ef2-4db8-4d2a-affe-e23830e34295;2807e1d1-8a38-3ce0-98ae-a579549848b2;2015-08-31T21:00:00Z;2015-08-31T21:15:00Z
test.arepresentative;COMPLEXssap!;c8f825cd-c3ab-4c13-9645-a929b99a1209;2ef3ba65-bbc0-3419-a4e3-8fd332f71977;2015-08-31T21:00:00Z;2015-08-31T21:15:00Z
tem;COMPLEXssap!;07235ef2-4db8-4d2a-affe-e23830e34295;361f9492-3d2d-3678-bfd8-82c9813d020d;2015-08-31T21:00:00Z;2015-08-31T21:15:00Z
test.arepresentative;COMPLEXssap!;c8f825cd-c3ab-4c13-9645-a929b99a1209;65063d24-150b-32d0-be6e-b8e428f6957b;2015-08-31T21:00:00Z;2015-08-31T21:15:00Z
tem;COMPLEXssap!;07235ef2-4db8-4d2a-affe-e23830e34295;68316f7b-139c-339f-b099-89583b7d8095;2015-08-31T21:00:00Z;2015-08-31T21:15:00Z
test.arepresentative;COMPLEXssap!;c8f825cd-c3ab-4c13-9645-a929b99a1209;75f35e9a-5ad6-34fa-a47a-764b84292962;2015-08-31T21:00:00Z;2015-08-31T21:15:00Z
tem;COMPLEXssap!;07235ef2-4db8-4d2a-affe-e23830e34295;7dfe97ec-3725-353e-8a74-a26ce9d498bf;2015-08-31T21:00:00Z;2015-08-31T21:15:00Z
test.arepresentative;COMPLEXssap!;c8f825cd-c3ab-4c13-9645-a929b99a1209;93ab5c76-dd6b-33fa-9b21-973ed832ebaf;2015-08-31T21:00:00Z;2015-08-31T21:15:00Z
tem;COMPLEXssap!;07235ef2-4db8-4d2a-affe-e23830e34295;9b9bb503-bd7d-3f11-890d-1e679a6c4595;2015-08-31T21:00:00Z;2015-08-31T21:15:00Z
test.arepresentative;COMPLEXssap!;c8f825cd-c3ab-4c13-9645-a929b99a1209;d813a85e-7bdd-38e0-853e-c0c3a4950634;2015-08-31T21:00:00Z;2015-08-31T21:15:00Z
tem;COMPLEXssap!;07235ef2-4db8-4d2a-affe-e23830e34295;d81407ea-b04d-3535-94f8-1cf088d8f656;2015-08-31T21:00:00Z;2015-08-31T21:15:00Z
test.arepresentative;COMPLEXssap!;c8f825cd-c3ab-4c13-9645-a929b99a1209;db198659-7357-394e-86c9-3817ae39ff23;2015-08-31T21:00:00Z;2015-08-31T21:15:00Z
tem;COMPLEXssap!;07235ef2-4db8-4d2a-affe-e23830e34295;e0efc515-a71b-3339-ac8b-602e3e005b9f;2015-08-31T21:00:00Z;2015-08-31T21:15:00Z
test.arepresentative;COMPLEXssap!;c8f825cd-c3ab-4c13-9645-a929b99a1209;f4776bbe-64b6-3ab8-906e-54b43eb0675e;2015-08-31T21:00:00Z;2015-08-31T21:15:00Z
tem;COMPLEXssap!;07235ef2-4db8-4d2a-affe-e23830e34295;06dd4322-c1d0-39fb-b25f-1f5a649e697c;2015-08-31T21:15:00Z;2015-08-31T21:30:00Z
test.arepresentative;COMPLEXssap!;c8f825cd-c3ab-4c13-9645-a929b99a1209;08ec8a7f-5855-359e-b2af-ad0013c47b6a;2015-08-31T21:15:00Z;2015-08-31T21:30:00Z
tem;COMPLEXssap!;07235ef2-4db8-4d2a-affe-e23830e34295;1852cb86-2527-46d6-8b71-96be7388ab51;2015-08-31T21:15:00Z;2015-08-31T21:30:00Z
test.arepresentative;COMPLEXssap!;c8f825cd-c3ab-4c13-9645-a929b99a1209;2807e1d1-8a38-3ce0-98ae-a579549848b2;2015-08-31T21:15:00Z;2015-08-31T21:30:00Z
tem;COMPLEXssap!;07235ef2-4db8-4d2a-affe-e23830e34295;2ef3ba65-bbc0-3419-a4e3-8fd332f71977;2015-08-31T21:15:00Z;2015-08-31T21:30:00Z
test.arepresentative;COMPLEXssap!;c8f825cd-c3ab-4c13-9645-a929b99a1209;361f9492-3d2d-3678-bfd8-82c9813d020d;2015-08-31T21:15:00Z;2015-08-31T21:30:00Z
tem;COMPLEXssap!;07235ef2-4db8-4d2a-affe-e23830e34295;65063d24-150b-32d0-be6e-b8e428f6957b;2015-08-31T21:15:00Z;2015-08-31T21:30:00Z
test.arepresentative;COMPLEXssap!;c8f825cd-c3ab-4c13-9645-a929b99a1209;68316f7b-139c-339f-b099-89583b7d8095;2015-08-31T21:15:00Z;2015-08-31T21:30:00Z
tem;COMPLEXssap!;07235ef2-4db8-4d2a-affe-e23830e34295;75f35e9a-5ad6-34fa-a47a-764b84292962;2015-08-31T21:15:00Z;2015-08-31T21:30:00Z
test.arepresentative;COMPLEXssap!;c8f825cd-c3ab-4c13-9645-a929b99a1209;7dfe97ec-3725-353e-8a74-a26ce9d498bf;2015-08-31T21:15:00Z;2015-08-31T21:30:00Z
tem;COMPLEXssap!;07235ef2-4db8-4d2a-affe-e23830e34295;93ab5c76-dd6b-33fa-9b21-973ed832ebaf;2015-08-31T21:15:00Z;2015-08-31T21:30:00Z
test.arepresentative;COMPLEXssap!;c8f825cd-c3ab-4c13-9645-a929b99a1209;9b9bb503-bd7d-3f11-890d-1e679a6c4595;2015-08-31T21:15:00Z;2015-08-31T21:30:00Z
tem;COMPLEXssap!;07235ef2-4db8-4d2a-affe-e23830e34295;d813a85e-7bdd-38e0-853e-c0c3a4950634;2015-08-31T21:15:00Z;2015-08-31T21:30:00Z
test.arepresentative;COMPLEXssap!;c8f825cd-c3ab-4c13-9645-a929b99a1209;d81407ea-b04d-3535-94f8-1cf088d8f656;2015-08-31T21:15:00Z;2015-08-31T21:30:00Z
tem;COMPLEXssap!;07235ef2-4db8-4d2a-affe-e23830e34295;db198659-7357-394e-86c9-3817ae39ff23;2015-08-31T21:15:00Z;2015-08-31T21:30:00Z
test.arepresentative;COMPLEXssap!;c8f825cd-c3ab-4c13-9645-a929b99a1209;e0efc515-a71b-3339-ac8b-602e3e005b9f;2015-08-31T21:15:00Z;2015-08-31T21:30:00Z
tem;COMPLEXssap!;07235ef2-4db8-4d2a-affe-e23830e34295;f4776bbe-64b6-3ab8-906e-54b43eb0675e;2015-08-31T21:15:00Z;2015-08-31T21:30:00Z
test.arepresentative;COMPLEXssap!;c8f825cd-c3ab-4c13-9645-a929b99a1209;06dd4322-c1d0-39fb-b25f-1f5a649e697c;2015-08-31T21:30:00Z;2015-08-31T21:45:00Z
tem;COMPLEXssap!;07235ef2-4db8-4d2a-affe-e23830e34295;08ec8a7f-5855-359e-b2af-ad0013c47b6a;2015-08-31T21:30:00Z;2015-08-31T21:45:00Z
test.arepresentative;COMPLEXssap!;c8f825cd-c3ab-4c13-9645-a929b99a1209;1852cb86-2527-46d6-8b71-96be7388ab51;2015-08-31T21:30:00Z;2015-08-31T21:45:00Z
tem;COMPLEXssap!;07235ef2-4db8-4d2a-affe-e23830e34295;2807e1d1-8a38-3ce0-98ae-a579549848b2;2015-08-31T21:30:00Z;2015-08-31T21:45:00Z
test.arepresentative;COMPLEXssap!;c8f825cd-c3ab-4c13-9645-a929b99a1209;2ef3ba65-bbc0-3419-a4e3-8fd332f71977;2015-08-31T21:30:00Z;2015-08-31T21:45:00Z
tem;COMPLEXssap!;07235ef2-4db8-4d2a-affe-e23830e34295;361f9492-3d2d-3678-bfd8-82c9813d020d;2015-08-31T21:30:00Z;2015-08-31T21:45:00Z
test.arepresentative;COMPLEXssap!;c8f825cd-c3ab-4c13-9645-a929b99a1209;65063d24-150b-32d0-be6e-b8e428f6957b;2015-08-31T21:30:00Z;2015-08-31T21:45:00Z
tem;COMPLEXssap!;07235ef2-4db8-4d2a-affe-e23830e34295;68316f7b-139c-339f-b099-89583b7d8095;2015-08-31T21:30:00Z;2015-08-31T21:45:00Z
test.arepresentative;COMPLEXssap!;c8f825cd-c3ab-4c13-9645-a929b99a1209;75f35e9a-5ad6-34fa-a47a-764b84292962;2015-08-31T21:30:00Z;2015-08-31T21:45:00Z
tem;COMPLEXssap!;07235ef2-4db8-4d2a-affe-e23830e34295;7dfe97ec-3725-353e-8a74-a26ce9d498bf;2015-08-31T21:30:00Z;2015-08-31T21:45:00Z
test.arepresentative;COMPLEXssap!;c8f825cd-c3ab-4c13-9645-a929b99a1209;93ab5c76-dd6b-33fa-9b21-973ed832ebaf;2015-08-31T21:30:00Z;2015-08-31T21:45:00Z
tem;COMPLEXssap!;07235ef2-4db8-4d2a-affe-e23830e34295;9b9bb503-bd7d-3f11-890d-1e679a6c4595;2015-08-31T21:30:00Z;2015-08-31T21:45:00Z
test.arepresentative;COMPLEXssap!;c8f825cd-c3ab-4c13-9645-a929b99a1209;d813a85e-7bdd-38e0-853e-c0c3a4950634;2015-08-31T21:30:00Z;2015-08-31T21:45:00Z
tem;COMPLEXssap!;07235ef2-4db8-4d2a-affe-e23830e34295;d81407ea-b04d-3535-94f8-1cf088d8f656;2015-08-31T21:30:00Z;2015-08-31T21:45:00Z
test.arepresentative;COMPLEXssap!;c8f825cd-c3ab-4c13-9645-a929b99a1209;db198659-7357-394e-86c9-3817ae39ff23;2015-08-31T21:30:00Z;2015-08-31T21:45:00Z
tem;COMPLEXssap!;07235ef2-4db8-4d2a-affe-e23830e34295;e0efc515-a71b-3339-ac8b-602e3e005b9f;2015-08-31T21:30:00Z;2015-08-31T21:45:00Z
test.arepresentative;COMPLEXssap!;c8f825cd-c3ab-4c13-9645-a929b99a1209;f4776bbe-64b6-3ab8-906e-54b43eb0675e;2015-08-31T21:30:00Z;2015-08-31T21:45:00Z
tem;COMPLEXssap!;07235ef2-4db8-4d2a-affe-e23830e34295;06dd4322-c1d0-39fb-b25f-1f5a649e697c;2015-08-31T21:45:00Z;2015-08-31T22:00:00Z
test.arepresentative;COMPLEXssap!;c8f825cd-c3ab-4c13-9645-a929b99a1209;08ec8a7f-5855-359e-b2af-ad0013c47b6a;2015-08-31T21:45:00Z;2015-08-31T22:00:00Z
tem;COMPLEXssap!;07235ef2-4db8-4d2a-affe-e23830e34295;1852cb86-2527-46d6-8b71-96be7388ab51;2015-08-31T21:45:00Z;2015-08-31T22:00:00Z
test.arepresentative;COMPLEXssap!;c8f825cd-c3ab-4c13-9645-a929b99a1209;2807e1d1-8a38-3ce0-98ae-a579549848b2;2015-08-31T21:45:00Z;2015-08-31T22:00:00Z
tem;COMPLEXssap!;07235ef2-4db8-4d2a-affe-e23830e34295;2ef3ba65-bbc0-3419-a4e3-8fd332f71977;2015-08-31T21:45:00Z;2015-08-31T22:00:00Z
test.arepresentative;COMPLEXssap!;c8f825cd-c3ab-4c13-9645-a929b99a1209;361f9492-3d2d-3678-bfd8-82c9813d020d;2015-08-31T21:45:00Z;2015-08-31T22:00:00Z
tem;COMPLEXssap!;07235ef2-4db8-4d2a-affe-e23830e34295;65063d24-150b-32d0-be6e-b8e428f6957b;2015-08-31T21:45:00Z;2015-08-31T22:00:00Z
test.arepresentative;COMPLEXssap!;c8f825cd-c3ab-4c13-9645-a929b99a1209;68316f7b-139c-339f-b099-89583b7d8095;2015-08-31T21:45:00Z;2015-08-31T22:00:00Z
tem;COMPLEXssap!;07235ef2-4db8-4d2a-affe-e23830e34295;75f35e9a-5ad6-34fa-a47a-764b84292962;2015-08-31T21:45:00Z;2015-08-31T22:00:00Z
test.arepresentative;COMPLEXssap!;c8f825cd-c3ab-4c13-9645-a929b99a1209;7dfe97ec-3725-353e-8a74-a26ce9d498bf;2015-08-31T21:45:00Z;2015-08-31T22:00:00Z
tem;COMPLEXssap!;07235ef2-4db8-4d2a-affe-e23830e34295;93ab5c76-dd6b-33fa-9b21-973ed832ebaf;2015-08-31T21:45:00Z;2015-08-31T22:00:00Z
test.arepresentative;COMPLEXssap!;c8f825cd-c3ab-4c13-9645-a929b99a1209;9b9bb503-bd7d-3f11-890d-1e679a6c4595;2015-08-31T21:45:00Z;2015-08-31T22:00:00Z
tem;COMPLEXssap!;07235ef2-4db8-4d2a-affe-e23830e34295;d813a85e-7bdd-38e0-853e-c0c3a4950634;2015-08-31T21:45:00Z;2015-08-31T22:00:00Z
test.arepresentative;COMPLEXssap!;c8f825cd-c3ab-4c13-9645-a929b99a1209;d81407ea-b04d-3535-94f8-1cf088d8f656;2015-08-31T21:45:00Z;2015-08-31T22:00:00Z
tem;COMPLEXssap!;07235ef2-4db8-4d2a-affe-e23830e34295;db198659-7357-394e-86c9-3817ae39ff23;2015-08-31T21:45:00Z;2015-08-31T22:00:00Z
test.arepresentative;COMPLEXssap!;c8f825cd-c3ab-4c13-9645-a929b99a1209;e0efc515-a71b-3339-ac8b-602e3e005b9f;2015-08-31T21:45:00Z;2015-08-31T22:00:00Z
tem;COMPLEXssap!;07235ef2-4db8-4d2a-affe-e23830e34295;f4776bbe-64b6-3ab8-906e-54b43eb0675e;2015-08-31T21:45:00Z;2015-08-31T22:00:00Z
test.arepresentative;COMPLEXssap!;c8f825cd-c3ab-4c13-9645-a929b99a1209;06dd4322-c1d0-39fb-b25f-1f5a649e697c;2015-08-31T22:00:00Z;2015-08-31T22:15:00Z
tem;COMPLEXssap!;07235ef2-4db8-4d2a-affe-e23830e34295;08ec8a7f-5855-359e-b2af-ad0013c47b6a;2015-08-31T22:00:00Z;2015-08-31T22:15:00Z
test.arepresentative;COMPLEXssap!;c8f825cd-c3ab-4c13-9645-a929b99a1209;1852cb86-2527-46d6-8b71-96be7388ab51;2015-08-31T22:00:00Z;2015-08-31T22:15:00Z
tem;COMPLEXssap!;07235ef2-4db8-4d2a-affe-e23830e34295;2807e1d1-8a38-3ce0-98ae-a579549848b2;2015-08-31T22:00:00Z;2015-08-31T22:15:00Z
test.arepresentative;COMPLEXssap!;c8f825cd-c3ab-4c13-9645-a929b99a1209;2ef3ba65-bbc0-3419-a4e3-8fd332f71977;2015-08-31T22:00:00Z;2015-08-31T22:15:00Z
tem;COMPLEXssap!;07235ef2-4db8-4d2a-affe-e23830e34295;361f9492-3d2d-3678-bfd8-82c9813d020d;2015-08-31T22:00:00Z;2015-08-31T22:15:00Z
test.arepresentative;COMPLEXssap!;c8f825cd-c3ab-4c13-9645-a929b99a1209;65063d24-150b-32d0-be6e-b8e428f6957b;2015-08-31T22:00:00Z;2015-08-31T22:15:00Z
tem;COMPLEXssap!;07235ef2-4db8-4d2a-affe-e23830e34295;68316f7b-139c-339f-b099-89583b7d8095;2015-08-31T22:00:00Z;2015-08-31T22:15:00Z
test.arepresentative;COMPLEXssap!;c8f825cd-c3ab-4c13-9645-a929b99a1209;75f35e9a-5ad6-34fa-a47a-764b84292962;2015-08-31T22:00:00Z;2015-08-31T22:15:00Z
tem;COMPLEXssap!;07235ef2-4db8-4d2a-affe-e23830e34295;7dfe97ec-3725-353e-8a74-a26ce9d498bf;2015-08-31T22:00:00Z;2015-08-31T22:15:00Z
test.arepresentative;COMPLEXssap!;c8f825cd-c3ab-4c13-9645-a929b99a1209;93ab5c76-dd6b-33fa-9b21-973ed832ebaf;2015-08-31T22:00:00Z;2015-08-31T22:15:00Z
tem;COMPLEXssap!;07235ef2-4db8-4d2a-affe-e23830e34295;9b9bb503-bd7d-3f11-890d-1e679a6c4595;2015-08-31T22:00:00Z;2015-08-31T22:15:00Z
test.arepresentative;COMPLEXssap!;c8f825cd-c3ab-4c13-9645-a929b99a1209;d813a85e-7bdd-38e0-853e-c0c3a4950634;2015-08-31T22:00:00Z;2015-08-31T22:15:00Z
tem;COMPLEXssap!;07235ef2-4db8-4d2a-affe-e23830e34295;d81407ea-b04d-3535-94f8-1cf088d8f656;2015-08-31T22:00:00Z;2015-08-31T22:15:00Z
test.arepresentative;COMPLEXssap!;c8f825cd-c3ab-4c13-9645-a929b99a1209;db198659-7357-394e-86c9-3817ae39ff23;2015-08-31T22:00:00Z;2015-08-31T22:15:00Z
tem;COMPLEXssap!;07235ef2-4db8-4d2a-affe-e23830e34295;e0efc515-a71b-3339-ac8b-602e3e005b9f;2015-08-31T22:00:00Z;2015-08-31T22:15:00Z
test.arepresentative;COMPLEXssap!;c8f825cd-c3ab-4c13-9645-a929b99a1209;f4776bbe-64b6-3ab8-906e-54b43eb0675e;2015-08-31T22:00:00Z;2015-08-31T22:15:00Z
tem;COMPLEXssap!;07235ef2-4db8-4d2a-affe-e23830e34295;06dd4322-c1d0-39fb-b25f-1f5a649e697c;2015-08-31T22:15:00Z;2015-08-31T22:30:00Z
test.arepresentative;COMPLEXssap!;c8f825cd-c3ab-4c13-9645-a929b99a1209;08ec8a7f-5855-359e-b2af-ad0013c47b6a;2015-08-31T22:15:00Z;2015-08-31T22:30:00Z
tem;COMPLEXssap!;07235ef2-4db8-4d2a-affe-e23830e34295;1852cb86-2527-46d6-8b71-96be7388ab51;2015-08-31T22:15:00Z;2015-08-31T22:30:00Z
test.arepresentative;COMPLEXssap!;c8f825cd-c3ab-4c13-9645-a929b99a1209;2807e1d1-8a38-3ce0-98ae-a579549848b2;2015-08-31T22:15:00Z;2015-08-31T22:30:00Z
tem;COMPLEXssap!;07235ef2-4db8-4d2a-affe-e23830e34295;2ef3ba65-bbc0-3419-a4e3-8fd332f71977;2015-08-31T22:15:00Z;2015-08-31T22:30:00Z
test.arepresentative;COMPLEXssap!;c8f825cd-c3ab-4c13-9645-a929b99a1209;361f9492-3d2d-3678-bfd8-82c9813d020d;2015-08-31T22:15:00Z;2015-08-31T22:30:00Z
tem;COMPLEXssap!;07235ef2-4db8-4d2a-affe-e23830e34295;65063d24-150b-32d0-be6e-b8e428f6957b;2015-08-31T22:15:00Z;2015-08-31T22:30:00Z
test.arepresentative;COMPLEXssap!;c8f825cd-c3ab-4c13-9645-a929b99a1209;68316f7b-139c-339f-b099-89583b7d8095;2015-08-31T22:15:00Z;2015-08-31T22:30:00Z
tem;COMPLEXssap!;07235ef2-4db8-4d2a-affe-e23830e34295;75f35e9a-5ad6-34fa-a47a-764b84292962;2015-08-31T22:15:00Z;2015-08-31T22:30:00Z
test.arepresentative;COMPLEXssap!;c8f825cd-c3ab-4c13-9645-a929b99a1209;7dfe97ec-3725-353e-8a74-a26ce9d498bf;2015-08-31T22:15:00Z;2015-08-31T22:30:00Z
tem;COMPLEXssap!;07235ef2-4db8-4d2a-affe-e23830e34295;93ab5c76-dd6b-33fa-9b21-973ed832ebaf;2015-08-31T22:15:00Z;2015-08-31T22:30:00Z
test.arepresentative;COMPLEXssap!;c8f825cd-c3ab-4c13-9645-a929b99a1209;9b9bb503-bd7d-3f11-890d-1e679a6c4595;2015-08-31T22:15:00Z;2015-08-31T22:30:00Z
tem;COMPLEXssap!;07235ef2-4db8-4d2a-affe-e23830e34295;d813a85e-7bdd-38e0-853e-c0c3a4950634;2015-08-31T22:15:00Z;2015-08-31T22:30:00Z
test.arepresentative;COMPLEXssap!;c8f825cd-c3ab-4c13-9645-a929b99a1209;d81407ea-b04d-3535-94f8-1cf088d8f656;2015-08-31T22:15:00Z;2015-08-31T22:30:00Z
tem;COMPLEXssap!;07235ef2-4db8-4d2a-affe-e23830e34295;db198659-7357-394e-86c9-3817ae39ff23;2015-08-31T22:15:00Z;2015-08-31T22:30:00Z
test.arepresentative;COMPLEXssap!;c8f825cd-c3ab-4c13-9645-a929b99a1209;e0efc515-a71b-3339-ac8b-602e3e005b9f;2015-08-31T22:15:00Z;2015-08-31T22:30:00Z
tem;COMPLEXssap!;07235ef2-4db8-4d2a-affe-e23830e34295;f4776bbe-64b6-3ab8-906e-54b43eb0675e;2015-08-31T22:15:00Z;2015-08-31T22:30:00Z
test.arepresentative;COMPLEXssap!;c8f825cd-c3ab-4c13-9645-a929b99a1209;06dd4322-c1d0-39fb-b25f-1f5a649e697c;2015-08-31T22:30:00Z;2015-08-31T22:45:00Z
tem;COMPLEXssap!;07235ef2-4db8-4d2a-affe-e23830e34295;08ec8a7f-5855-359e-b2af-ad0013c47b6a;2015-08-31T22:30:00Z;2015-08-31T22:45:00Z
test.arepresentative;COMPLEXssap!;c8f825cd-c3ab-4c13-9645-a929b99a1209;1852cb86-2527-46d6-8b71-96be7388ab51;2015-08-31T22:30:00Z;2015-08-31T22:45:00Z
tem;COMPLEXssap!;07235ef2-4db8-4d2a-affe-e23830e34295;2807e1d1-8a38-3ce0-98ae-a579549848b2;2015-08-31T22:30:00Z;2015-08-31T22:45:00Z
test.arepresentative;COMPLEXssap!;c8f825cd-c3ab-4c13-9645-a929b99a1209;2ef3ba65-bbc0-3419-a4e3-8fd332f71977;2015-08-31T22:30:00Z;2015-08-31T22:45:00Z
tem;COMPLEXssap!;07235ef2-4db8-4d2a-affe-e23830e34295;361f9492-3d2d-3678-bfd8-82c9813d020d;2015-08-31T22:30:00Z;2015-08-31T22:45:00Z
test.arepresentative;COMPLEXssap!;c8f825cd-c3ab-4c13-9645-a929b99a1209;65063d24-150b-32d0-be6e-b8e428f6957b;2015-08-31T22:30:00Z;2015-08-31T22:45:00Z
tem;COMPLEXssap!;07235ef2-4db8-4d2a-affe-e23830e34295;68316f7b-139c-339f-b099-89583b7d8095;2015-08-31T22:30:00Z;2015-08-31T22:45:00Z
test.arepresentative;COMPLEXssap!;c8f825cd-c3ab-4c13-9645-a929b99a1209;75f35e9a-5ad6-34fa-a47a-764b84292962;2015-08-31T22:30:00Z;2015-08-31T22:45:00Z
tem;COMPLEXssap!;07235ef2-4db8-4d2a-affe-e23830e34295;7dfe97ec-3725-353e-8a74-a26ce9d498bf;2015-08-31T22:30:00Z;2015-08-31T22:45:00Z
test.arepresentative;COMPLEXssap!;c8f825cd-c3ab-4c13-9645-a929b99a1209;93ab5c76-dd6b-33fa-9b21-973ed832ebaf;2015-08-31T22:30:00Z;2015-08-31T22:45:00Z
tem;COMPLEXssap!;07235ef2-4db8-4d2a-affe-e23830e34295;9b9bb503-bd7d-3f11-890d-1e679a6c4595;2015-08-31T22:30:00Z;2015-08-31T22:45:00Z
test.arepresentative;COMPLEXssap!;c8f825cd-c3ab-4c13-9645-a929b99a1209;d813a85e-7bdd-38e0-853e-c0c3a4950634;2015-08-31T22:30:00Z;2015-08-31T22:45:00Z
tem;COMPLEXssap!;07235ef2-4db8-4d2a-affe-e23830e34295;d81407ea-b04d-3535-94f8-1cf088d8f656;2015-08-31T22:30:00Z;2015-08-31T22:45:00Z
test.arepresentative;COMPLEXssap!;c8f825cd-c3ab-4c13-9645-a929b99a1209;db198659-7357-394e-86c9-3817ae39ff23;2015-08-31T22:30:00Z;2015-08-31T22:45:00Z
tem;COMPLEXssap!;07235ef2-4db8-4d2a-affe-e23830e34295;e0efc515-a71b-3339-ac8b-602e3e005b9f;2015-08-31T22:30:00Z;2015-08-31T22:45:00Z
test.arepresentative;COMPLEXssap!;c8f825cd-c3ab-4c13-9645-a929b99a1209;f4776bbe-64b6-3ab8-906e-54b43eb0675e;2015-08-31T22:30:00Z;2015-08-31T22:45:00Z
tem;COMPLEXssap!;07235ef2-4db8-4d2a-affe-e23830e34295;06dd4322-c1d0-39fb-b25f-1f5a649e697c;2015-08-31T22:45:00Z;2015-08-31T23:00:00Z
test.arepresentative;COMPLEXssap!;c8f825cd-c3ab-4c13-9645-a929b99a1209;08ec8a7f-5855-359e-b2af-ad0013c47b6a;2015-08-31T22:45:00Z;2015-08-31T23:00:00Z
tem;COMPLEXssap!;07235ef2-4db8-4d2a-affe-e23830e34295;1852cb86-2527-46d6-8b71-96be7388ab51;2015-08-31T22:45:00Z;2015-08-31T23:00:00Z
test.arepresentative;COMPLEXssap!;c8f825cd-c3ab-4c13-9645-a929b99a1209;2807e1d1-8a38-3ce0-98ae-a579549848b2;2015-08-31T22:45:00Z;2015-08-31T23:00:00Z
tem;COMPLEXssap!;07235ef2-4db8-4d2a-affe-e23830e34295;2ef3ba65-bbc0-3419-a4e3-8fd332f71977;2015-08-31T22:45:00Z;2015-08-31T23:00:00Z
test.arepresentative;COMPLEXssap!;c8f825cd-c3ab-4c13-9645-a929b99a1209;361f9492-3d2d-3678-bfd8-82c9813d020d;2015-08-31T22:45:00Z;2015-08-31T23:00:00Z
tem;COMPLEXssap!;07235ef2-4db8-4d2a-affe-e23830e34295;65063d24-150b-32d0-be6e-b8e428f6957b;2015-08-31T22:45:00Z;2015-08-31T23:00:00Z
test.arepresentative;COMPLEXssap!;c8f825cd-c3ab-4c13-9645-a929b99a1209;68316f7b-139c-339f-b099-89583b7d8095;2015-08-31T22:45:00Z;2015-08-31T23:00:00Z
tem;COMPLEXssap!;07235ef2-4db8-4d2a-affe-e23830e34295;75f35e9a-5ad6-34fa-a47a-764b84292962;2015-08-31T22:45:00Z;2015-08-31T23:00:00Z
test.arepresentative;COMPLEXssap!;c8f825cd-c3ab-4c13-9645-a929b99a1209;7dfe97ec-3725-353e-8a74-a26ce9d498bf;2015-08-31T22:45:00Z;2015-08-31T23:00:00Z
tem;COMPLEXssap!;07235ef2-4db8-4d2a-affe-e23830e34295;93ab5c76-dd6b-33fa-9b21-973ed832ebaf;2015-08-31T22:45:00Z;2015-08-31T23:00:00Z
test.arepresentative;COMPLEXssap!;c8f825cd-c3ab-4c13-9645-a929b99a1209;9b9bb503-bd7d-3f11-890d-1e679a6c4595;2015-08-31T22:45:00Z;2015-08-31T23:00:00Z
tem;COMPLEXssap!;07235ef2-4db8-4d2a-affe-e23830e34295;d813a85e-7bdd-38e0-853e-c0c3a4950634;2015-08-31T22:45:00Z;2015-08-31T23:00:00Z
test.arepresentative;COMPLEXssap!;c8f825cd-c3ab-4c13-9645-a929b99a1209;d81407ea-b04d-3535-94f8-1cf088d8f656;2015-08-31T22:45:00Z;2015-08-31T23:00:00Z
tem;COMPLEXssap!;07235ef2-4db8-4d2a-affe-e23830e34295;db198659-7357-394e-86c9-3817ae39ff23;2015-08-31T22:45:00Z;2015-08-31T23:00:00Z
test.arepresentative;COMPLEXssap!;c8f825cd-c3ab-4c13-9645-a929b99a1209;e0efc515-a71b-3339-ac8b-602e3e005b9f;2015-08-31T22:45:00Z;2015-08-31T23:00:00Z
tem;COMPLEXssap!;07235ef2-4db8-4d2a-affe-e23830e34295;f4776bbe-64b6-3ab8-906e-54b43eb0675e;2015-08-31T22:45:00Z;2015-08-31T23:00:00Z
test.arepresentative;COMPLEXssap!;c8f825cd-c3ab-4c13-9645-a929b99a1209;06dd4322-c1d0-39fb-b25f-1f5a649e697c;2015-08-31T23:00:00Z;2015-08-31T23:15:00Z
tem;COMPLEXssap!;07235ef2-4db8-4d2a-affe-e23830e34295;08ec8a7f-5855-359e-b2af-ad0013c47b6a;2015-08-31T23:00:00Z;2015-08-31T23:15:00Z
test.arepresentative;COMPLEXssap!;c8f825cd-c3ab-4c13-9645-a929b99a1209;1852cb86-2527-46d6-8b71-96be7388ab51;2015-08-31T23:00:00Z;2015-08-31T23:15:00Z
tem;COMPLEXssap!;07235ef2-4db8-4d2a-affe-e23830e34295;2807e1d1-8a38-3ce0-98ae-a579549848b2;2015-08-31T23:00:00Z;2015-08-31T23:15:00Z
test.arepresentative;COMPLEXssap!;c8f825cd-c3ab-4c13-9645-a929b99a1209;2ef3ba65-bbc0-3419-a4e3-8fd332f71977;2015-08-31T23:00:00Z;2015-08-31T23:15:00Z
tem;COMPLEXssap!;07235ef2-4db8-4d2a-affe-e23830e34295;361f9492-3d2d-3678-bfd8-82c9813d020d;2015-08-31T23:00:00Z;2015-08-31T23:15:00Z
test.arepresentative;COMPLEXssap!;c8f825cd-c3ab-4c13-9645-a929b99a1209;65063d24-150b-32d0-be6e-b8e428f6957b;2015-08-31T23:00:00Z;2015-08-31T23:15:00Z
tem;COMPLEXssap!;07235ef2-4db8-4d2a-affe-e23830e34295;68316f7b-139c-339f-b099-89583b7d8095;2015-08-31T23:00:00Z;2015-08-31T23:15:00Z
test.arepresentative;COMPLEXssap!;c8f825cd-c3ab-4c13-9645-a929b99a1209;75f35e9a-5ad6-34fa-a47a-764b84292962;2015-08-31T23:00:00Z;2015-08-31T23:15:00Z
tem;COMPLEXssap!;07235ef2-4db8-4d2a-affe-e23830e34295;7dfe97ec-3725-353e-8a74-a26ce9d498bf;2015-08-31T23:00:00Z;2015-08-31T23:15:00Z
test.arepresentative;COMPLEXssap!;c8f825cd-c3ab-4c13-9645-a929b99a1209;93ab5c76-dd6b-33fa-9b21-973ed832ebaf;2015-08-31T23:00:00Z;2015-08-31T23:15:00Z
tem;COMPLEXssap!;07235ef2-4db8-4d2a-affe-e23830e34295;9b9bb503-bd7d-3f11-890d-1e679a6c4595;2015-08-31T23:00:00Z;2015-08-31T23:15:00Z
test.arepresentative;COMPLEXssap!;c8f825cd-c3ab-4c13-9645-a929b99a1209;d813a85e-7bdd-38e0-853e-c0c3a4950634;2015-08-31T23:00:00Z;2015-08-31T23:15:00Z
tem;COMPLEXssap!;07235ef2-4db8-4d2a-affe-e23830e34295;d81407ea-b04d-3535-94f8-1cf088d8f656;2015-08-31T23:00:00Z;2015-08-31T23:15:00Z
test.arepresentative;COMPLEXssap!;c8f825cd-c3ab-4c13-9645-a929b99a1209;db198659-7357-394e-86c9-3817ae39ff23;2015-08-31T23:00:00Z;2015-08-31T23:15:00Z
tem;COMPLEXssap!;07235ef2-4db8-4d2a-affe-e23830e34295;e0efc515-a71b-3339-ac8b-602e3e005b9f;2015-08-31T23:00:00Z;2015-08-31T23:15:00Z
test.arepresentative;COMPLEXssap!;c8f825cd-c3ab-4c13-9645-a929b99a1209;f4776bbe-64b6-3ab8-906e-54b43eb0675e;2015-08-31T23:00:00Z;2015-08-31T23:15:00Z
tem;COMPLEXssap!;07235ef2-4db8-4d2a-affe-e23830e34295;06dd4322-c1d0-39fb-b25f-1f5a649e697c;2015-08-31T23:15:00Z;2015-08-31T23:30:00Z
test.arepresentative;COMPLEXssap!;c8f825cd-c3ab-4c13-9645-a929b99a1209;08ec8a7f-5855-359e-b2af-ad0013c47b6a;2015-08-31T23:15:00Z;2015-08-31T23:30:00Z
tem;COMPLEXssap!;07235ef2-4db8-4d2a-affe-e23830e34295;1852cb86-2527-46d6-8b71-96be7388ab51;2015-08-31T23:15:00Z;2015-08-31T23:30:00Z
test.arepresentative;COMPLEXssap!;c8f825cd-c3ab-4c13-9645-a929b99a1209;2807e1d1-8a38-3ce0-98ae-a579549848b2;2015-08-31T23:15:00Z;2015-08-31T23:30:00Z
tem;COMPLEXssap!;07235ef2-4db8-4d2a-affe-e23830e34295;2ef3ba65-bbc0-3419-a4e3-8fd332f71977;2015-08-31T23:15:00Z;2015-08-31T23:30:00Z
test.arepresentative;COMPLEXssap!;c8f825cd-c3ab-4c13-9645-a929b99a1209;361f9492-3d2d-3678-bfd8-82c9813d020d;2015-08-31T23:15:00Z;2015-08-31T23:30:00Z
tem;COMPLEXssap!;07235ef2-4db8-4d2a-affe-e23830e34295;65063d24-150b-32d0-be6e-b8e428f6957b;2015-08-31T23:15:00Z;2015-08-31T23:30:00Z
test.arepresentative;COMPLEXssap!;c8f825cd-c3ab-4c13-9645-a929b99a1209;68316f7b-139c-339f-b099-89583b7d8095;2015-08-31T23:15:00Z;2015-08-31T23:30:00Z
tem;COMPLEXssap!;07235ef2-4db8-4d2a-affe-e23830e34295;75f35e9a-5ad6-34fa-a47a-764b84292962;2015-08-31T23:15:00Z;2015-08-31T23:30:00Z
test.arepresentative;COMPLEXssap!;c8f825cd-c3ab-4c13-9645-a929b99a1209;7dfe97ec-3725-353e-8a74-a26ce9d498bf;2015-08-31T23:15:00Z;2015-08-31T23:30:00Z
tem;COMPLEXssap!;07235ef2-4db8-4d2a-affe-e23830e34295;93ab5c76-dd6b-33fa-9b21-973ed832ebaf;2015-08-31T23:15:00Z;2015-08-31T23:30:00Z
test.arepresentative;COMPLEXssap!;c8f825cd-c3ab-4c13-9645-a929b99a1209;9b9bb503-bd7d-3f11-890d-1e679a6c4595;2015-08-31T23:15:00Z;2015-08-31T23:30:00Z
tem;COMPLEXssap!;07235ef2-4db8-4d2a-affe-e23830e34295;d813a85e-7bdd-38e0-853e-c0c3a4950634;2015-08-31T23:15:00Z;2015-08-31T23:30:00Z
test.arepresentative;COMPLEXssap!;c8f825cd-c3ab-4c13-9645-a929b99a1209;d81407ea-b04d-3535-94f8-1cf088d8f656;2015-08-31T23:15:00Z;2015-08-31T23:30:00Z
tem;COMPLEXssap!;07235ef2-4db8-4d2a-affe-e23830e34295;db198659-7357-394e-86c9-3817ae39ff23;2015-08-31T23:15:00Z;2015-08-31T23:30:00Z
test.arepresentative;COMPLEXssap!;c8f825cd-c3ab-4c13-9645-a929b99a1209;e0efc515-a71b-3339-ac8b-602e3e005b9f;2015-08-31T23:15:00Z;2015-08-31T23:30:00Z
tem;COMPLEXssap!;07235ef2-4db8-4d2a-affe-e23830e34295;f4776bbe-64b6-3ab8-906e-54b43eb0675e;2015-08-31T23:15:00Z;2015-08-31T23:30:00Z
test.arepresentative;COMPLEXssap!;c8f825cd-c3ab-4c13-9645-a929b99a1209;06dd4322-c1d0-39fb-b25f-1f5a649e697c;2015-08-31T23:30:00Z;2015-08-31T23:45:00Z
tem;COMPLEXssap!;07235ef2-4db8-4d2a-affe-e23830e34295;08ec8a7f-5855-359e-b2af-ad0013c47b6a;2015-08-31T23:30:00Z;2015-08-31T23:45:00Z
test.arepresentative;COMPLEXssap!;c8f825cd-c3ab-4c13-9645-a929b99a1209;1852cb86-2527-46d6-8b71-96be7388ab51;2015-08-31T23:30:00Z;2015-08-31T23:45:00Z
tem;COMPLEXssap!;07235ef2-4db8-4d2a-affe-e23830e34295;2807e1d1-8a38-3ce0-98ae-a579549848b2;2015-08-31T23:30:00Z;2015-08-31T23:45:00Z
test.arepresentative;COMPLEXssap!;c8f825cd-c3ab-4c13-9645-a929b99a1209;2ef3ba65-bbc0-3419-a4e3-8fd332f71977;2015-08-31T23:30:00Z;2015-08-31T23:45:00Z
tem;COMPLEXssap!;07235ef2-4db8-4d2a-affe-e23830e34295;361f9492-3d2d-3678-bfd8-82c9813d020d;2015-08-31T23:30:00Z;2015-08-31T23:45:00Z
test.arepresentative;COMPLEXssap!;c8f825cd-c3ab-4c13-9645-a929b99a1209;65063d24-150b-32d0-be6e-b8e428f6957b;2015-08-31T23:30:00Z;2015-08-31T23:45:00Z
tem;COMPLEXssap!;07235ef2-4db8-4d2a-affe-e23830e34295;68316f7b-139c-339f-b099-89583b7d8095;2015-08-31T23:30:00Z;2015-08-31T23:45:00Z
test.arepresentative;COMPLEXssap!;c8f825cd-c3ab-4c13-9645-a929b99a1209;75f35e9a-5ad6-34fa-a47a-764b84292962;2015-08-31T23:30:00Z;2015-08-31T23:45:00Z
tem;COMPLEXssap!;07235ef2-4db8-4d2a-affe-e23830e34295;7dfe97ec-3725-353e-8a74-a26ce9d498bf;2015-08-31T23:30:00Z;2015-08-31T23:45:00Z
test.arepresentative;COMPLEXssap!;c8f825cd-c3ab-4c13-9645-a929b99a1209;93ab5c76-dd6b-33fa-9b21-973ed832ebaf;2015-08-31T23:30:00Z;2015-08-31T23:45:00Z
tem;COMPLEXssap!;07235ef2-4db8-4d2a-affe-e23830e34295;9b9bb503-bd7d-3f11-890d-1e679a6c4595;2015-08-31T23:30:00Z;2015-08-31T23:45:00Z
test.arepresentative;COMPLEXssap!;c8f825cd-c3ab-4c13-9645-a929b99a1209;d813a85e-7bdd-38e0-853e-c0c3a4950634;2015-08-31T23:30:00Z;2015-08-31T23:45:00Z
tem;COMPLEXssap!;07235ef2-4db8-4d2a-affe-e23830e34295;d81407ea-b04d-3535-94f8-1cf088d8f656;2015-08-31T23:30:00Z;2015-08-31T23:45:00Z
test.arepresentative;COMPLEXssap!;c8f825cd-c3ab-4c13-9645-a929b99a1209;db198659-7357-394e-86c9-3817ae39ff23;2015-08-31T23:30:00Z;2015-08-31T23:45:00Z
tem;COMPLEXssap!;07235ef2-4db8-4d2a-affe-e23830e34295;e0efc515-a71b-3339-ac8b-602e3e005b9f;2015-08-31T23:30:00Z;2015-08-31T23:45:00Z
test.arepresentative;COMPLEXssap!;c8f825cd-c3ab-4c13-9645-a929b99a1209;f4776bbe-64b6-3ab8-906e-54b43eb0675e;2015-08-31T23:30:00Z;2015-08-31T23:45:00Z
tem;COMPLEXssap!;07235ef2-4db8-4d2a-affe-e23830e34295;06dd4322-c1d0-39fb-b25f-1f5a649e697c;2015-08-31T23:45:00Z;2015-09-01T00:00:00Z
test.arepresentative;COMPLEXssap!;c8f825cd-c3ab-4c13-9645-a929b99a1209;08ec8a7f-5855-359e-b2af-ad0013c47b6a;2015-08-31T23:45:00Z;2015-09-01T00:00:00Z
tem;COMPLEXssap!;07235ef2-4db8-4d2a-affe-e23830e34295;1852cb86-2527-46d6-8b71-96be7388ab51;2015-08-31T23:45:00Z;2015-09-01T00:00:00Z
test.arepresentative;COMPLEXssap!;c8f825cd-c3ab-4c13-9645-a929b99a1209;2807e1d1-8a38-3ce0-98ae-a579549848b2;2015-08-31T23:45:00Z;2015-09-01T00:00:00Z
tem;COMPLEXssap!;07235ef2-4db8-4d2a-affe-e23830e34295;2ef3ba65-bbc0-3419-a4e3-8fd332f71977;2015-08-31T23:45:00Z;2015-09-01T00:00:00Z
test.arepresentative;COMPLEXssap!;c8f825cd-c3ab-4c13-9645-a929b99a1209;361f9492-3d2d-3678-bfd8-82c9813d020d;2015-08-31T23:45:00Z;2015-09-01T00:00:00Z
tem;COMPLEXssap!;07235ef2-4db8-4d2a-affe-e23830e34295;65063d24-150b-32d0-be6e-b8e428f6957b;2015-08-31T23:45:00Z;2015-09-01T00:00:00Z
test.arepresentative;COMPLEXssap!;c8f825cd-c3ab-4c13-9645-a929b99a1209;68316f7b-139c-339f-b099-89583b7d8095;2015-08-31T23:45:00Z;2015-09-01T00:00:00Z
tem;COMPLEXssap!;07235ef2-4db8-4d2a-affe-e23830e34295;75f35e9a-5ad6-34fa-a47a-764b84292962;2015-08-31T23:45:00Z;2015-09-01T00:00:00Z
test.arepresentative;COMPLEXssap!;c8f825cd-c3ab-4c13-9645-a929b99a1209;7dfe97ec-3725-353e-8a74-a26ce9d498bf;2015-08-31T23:45:00Z;2015-09-01T00:00:00Z
tem;COMPLEXssap!;07235ef2-4db8-4d2a-affe-e23830e34295;93ab5c76-dd6b-33fa-9b21-973ed832ebaf;2015-08-31T23:45:00Z;2015-09-01T00:00:00Z
test.arepresentative;COMPLEXssap!;c8f825cd-c3ab-4c13-9645-a929b99a1209;9b9bb503-bd7d-3f11-890d-1e679a6c4595;2015-08-31T23:45:00Z;2015-09-01T00:00:00Z
tem;COMPLEXssap!;07235ef2-4db8-4d2a-affe-e23830e34295;d813a85e-7bdd-38e0-853e-c0c3a4950634;2015-08-31T23:45:00Z;2015-09-01T00:00:00Z
test.arepresentative;COMPLEXssap!;c8f825cd-c3ab-4c13-9645-a929b99a1209;d81407ea-b04d-3535-94f8-1cf088d8f656;2015-08-31T23:45:00Z;2015-09-01T00:00:00Z
tem;COMPLEXssap!;07235ef2-4db8-4d2a-affe-e23830e34295;db198659-7357-394e-86c9-3817ae39ff23;2015-08-31T23:45:00Z;2015-09-01T00:00:00Z
test.arepresentative;COMPLEXssap!;c8f825cd-c3ab-4c13-9645-a929b99a1209;e0efc515-a71b-3339-ac8b-602e3e005b9f;2015-08-31T23:45:00Z;2015-09-01T00:00:00Z
tem;COMPLEXssap!;07235ef2-4db8-4d2a-affe-e23830e34295;f4776bbe-64b6-3ab8-906e-54b43eb0675e;2015-08-31T23:45:00Z;2015-09-01T00:00:00Z
test.arepresentative;COMPLEXssap!;c8f825cd-c3ab-4c13-9645-a929b99a1209;06dd4322-c1d0-39fb-b25f-1f5a649e697c;2015-09-01T00:00:00Z;2015-09-01T00:15:00Z
tem;COMPLEXssap!;07235ef2-4db8-4d2a-affe-e23830e34295;08ec8a7f-5855-359e-b2af-ad0013c47b6a;2015-09-01T00:00:00Z;2015-09-01T00:15:00Z
test.arepresentative;COMPLEXssap!;c8f825cd-c3ab-4c13-9645-a929b99a1209;1852cb86-2527-46d6-8b71-96be7388ab51;2015-09-01T00:00:00Z;2015-09-01T00:15:00Z
tem;COMPLEXssap!;07235ef2-4db8-4d2a-affe-e23830e34295;2807e1d1-8a38-3ce0-98ae-a579549848b2;2015-09-01T00:00:00Z;2015-09-01T00:15:00Z
test.arepresentative;COMPLEXssap!;c8f825cd-c3ab-4c13-9645-a929b99a1209;2ef3ba65-bbc0-3419-a4e3-8fd332f71977;2015-09-01T00:00:00Z;2015-09-01T00:15:00Z
tem;COMPLEXssap!;07235ef2-4db8-4d2a-affe-e23830e34295;361f9492-3d2d-3678-bfd8-82c9813d020d;2015-09-01T00:00:00Z;2015-09-01T00:15:00Z
test.arepresentative;COMPLEXssap!;c8f825cd-c3ab-4c13-9645-a929b99a1209;65063d24-150b-32d0-be6e-b8e428f6957b;2015-09-01T00:00:00Z;2015-09-01T00:15:00Z
tem;COMPLEXssap!;07235ef2-4db8-4d2a-affe-e23830e34295;68316f7b-139c-339f-b099-89583b7d8095;2015-09-01T00:00:00Z;2015-09-01T00:15:00Z
test.arepresentative;COMPLEXssap!;c8f825cd-c3ab-4c13-9645-a929b99a1209;75f35e9a-5ad6-34fa-a47a-764b84292962;2015-09-01T00:00:00Z;2015-09-01T00:15:00Z
tem;COMPLEXssap!;07235ef2-4db8-4d2a-affe-e23830e34295;7dfe97ec-3725-353e-8a74-a26ce9d498bf;2015-09-01T00:00:00Z;2015-09-01T00:15:00Z
test.arepresentative;COMPLEXssap!;c8f825cd-c3ab-4c13-9645-a929b99a1209;93ab5c76-dd6b-33fa-9b21-973ed832ebaf;2015-09-01T00:00:00Z;2015-09-01T00:15:00Z
tem;COMPLEXssap!;07235ef2-4db8-4d2a-affe-e23830e34295;9b9bb503-bd7d-3f11-890d-1e679a6c4595;2015-09-01T00:00:00Z;2015-09-01T00:15:00Z
test.arepresentative;COMPLEXssap!;c8f825cd-c3ab-4c13-9645-a929b99a1209;d813a85e-7bdd-38e0-853e-c0c3a4950634;2015-09-01T00:00:00Z;2015-09-01T00:15:00Z
tem;COMPLEXssap!;07235ef2-4db8-4d2a-affe-e23830e34295;d81407ea-b04d-3535-94f8-1cf088d8f656;2015-09-01T00:00:00Z;2015-09-01T00:15:00Z
test.arepresentative;COMPLEXssap!;c8f825cd-c3ab-4c13-9645-a929b99a1209;db198659-7357-394e-86c9-3817ae39ff23;2015-09-01T00:00:00Z;2015-09-01T00:15:00Z
tem;COMPLEXssap!;07235ef2-4db8-4d2a-affe-e23830e34295;e0efc515-a71b-3339-ac8b-602e3e005b9f;2015-09-01T00:00:00Z;2015-09-01T00:15:00Z
test.arepresentative;COMPLEXssap!;c8f825cd-c3ab-4c13-9645-a929b99a1209;f4776bbe-64b6-3ab8-906e-54b43eb0675e;2015-09-01T00:00:00Z;2015-09-01T00:15:00Z
tem;COMPLEXssap!;07235ef2-4db8-4d2a-affe-e23830e34295;06dd4322-c1d0-39fb-b25f-1f5a649e697c;2015-09-01T00:15:00Z;2015-09-01T00:30:00Z
test.arepresentative;COMPLEXssap!;c8f825cd-c3ab-4c13-9645-a929b99a1209;08ec8a7f-5855-359e-b2af-ad0013c47b6a;2015-09-01T00:15:00Z;2015-09-01T00:30:00Z
tem;COMPLEXssap!;07235ef2-4db8-4d2a-affe-e23830e34295;1852cb86-2527-46d6-8b71-96be7388ab51;2015-09-01T00:15:00Z;2015-09-01T00:30:00Z
test.arepresentative;COMPLEXssap!;c8f825cd-c3ab-4c13-9645-a929b99a1209;2807e1d1-8a38-3ce0-98ae-a579549848b2;2015-09-01T00:15:00Z;2015-09-01T00:30:00Z
tem;COMPLEXssap!;07235ef2-4db8-4d2a-affe-e23830e34295;2ef3ba65-bbc0-3419-a4e3-8fd332f71977;2015-09-01T00:15:00Z;2015-09-01T00:30:00Z
test.arepresentative;COMPLEXssap!;c8f825cd-c3ab-4c13-9645-a929b99a1209;361f9492-3d2d-3678-bfd8-82c9813d020d;2015-09-01T00:15:00Z;2015-09-01T00:30:00Z
tem;COMPLEXssap!;07235ef2-4db8-4d2a-affe-e23830e34295;65063d24-150b-32d0-be6e-b8e428f6957b;2015-09-01T00:15:00Z;2015-09-01T00:30:00Z
test.arepresentative;COMPLEXssap!;c8f825cd-c3ab-4c13-9645-a929b99a1209;68316f7b-139c-339f-b099-89583b7d8095;2015-09-01T00:15:00Z;2015-09-01T00:30:00Z
tem;COMPLEXssap!;07235ef2-4db8-4d2a-affe-e23830e34295;75f35e9a-5ad6-34fa-a47a-764b84292962;2015-09-01T00:15:00Z;2015-09-01T00:30:00Z
test.arepresentative;COMPLEXssap!;c8f825cd-c3ab-4c13-9645-a929b99a1209;7dfe97ec-3725-353e-8a74-a26ce9d498bf;2015-09-01T00:15:00Z;2015-09-01T00:30:00Z
tem;COMPLEXssap!;07235ef2-4db8-4d2a-affe-e23830e34295;93ab5c76-dd6b-33fa-9b21-973ed832ebaf;2015-09-01T00:15:00Z;2015-09-01T00:30:00Z
test.arepresentative;COMPLEXssap!;c8f825cd-c3ab-4c13-9645-a929b99a1209;9b9bb503-bd7d-3f11-890d-1e679a6c4595;2015-09-01T00:15:00Z;2015-09-01T00:30:00Z
tem;COMPLEXssap!;07235ef2-4db8-4d2a-affe-e23830e34295;d813a85e-7bdd-38e0-853e-c0c3a4950634;2015-09-01T00:15:00Z;2015-09-01T00:30:00Z
test.arepresentative;COMPLEXssap!;c8f825cd-c3ab-4c13-9645-a929b99a1209;d81407ea-b04d-3535-94f8-1cf088d8f656;2015-09-01T00:15:00Z;2015-09-01T00:30:00Z
tem;COMPLEXssap!;07235ef2-4db8-4d2a-affe-e23830e34295;db198659-7357-394e-86c9-3817ae39ff23;2015-09-01T00:15:00Z;2015-09-01T00:30:00Z
test.arepresentative;COMPLEXssap!;c8f825cd-c3ab-4c13-9645-a929b99a1209;e0efc515-a71b-3339-ac8b-602e3e005b9f;2015-09-01T00:15:00Z;2015-09-01T00:30:00Z
tem;COMPLEXssap!;07235ef2-4db8-4d2a-affe-e23830e34295;f4776bbe-64b6-3ab8-906e-54b43eb0675e;2015-09-01T00:15:00Z;2015-09-01T00:30:00Z
test.arepresentative;COMPLEXssap!;c8f825cd-c3ab-4c13-9645-a929b99a1209;06dd4322-c1d0-39fb-b25f-1f5a649e697c;2015-09-01T00:30:00Z;2015-09-01T00:45:00Z
tem;COMPLEXssap!;07235ef2-4db8-4d2a-affe-e23830e34295;08ec8a7f-5855-359e-b2af-ad0013c47b6a;2015-09-01T00:30:00Z;2015-09-01T00:45:00Z
test.arepresentative;COMPLEXssap!;c8f825cd-c3ab-4c13-9645-a929b99a1209;1852cb86-2527-46d6-8b71-96be7388ab51;2015-09-01T00:30:00Z;2015-09-01T00:45:00Z
tem;COMPLEXssap!;07235ef2-4db8-4d2a-affe-e23830e34295;2807e1d1-8a38-3ce0-98ae-a579549848b2;2015-09-01T00:30:00Z;2015-09-01T00:45:00Z
test.arepresentative;COMPLEXssap!;c8f825cd-c3ab-4c13-9645-a929b99a1209;2ef3ba65-bbc0-3419-a4e3-8fd332f71977;2015-09-01T00:30:00Z;2015-09-01T00:45:00Z
tem;COMPLEXssap!;07235ef2-4db8-4d2a-affe-e23830e34295;361f9492-3d2d-3678-bfd8-82c9813d020d;2015-09-01T00:30:00Z;2015-09-01T00:45:00Z
test.arepresentative;COMPLEXssap!;c8f825cd-c3ab-4c13-9645-a929b99a1209;65063d24-150b-32d0-be6e-b8e428f6957b;2015-09-01T00:30:00Z;2015-09-01T00:45:00Z
tem;COMPLEXssap!;07235ef2-4db8-4d2a-affe-e23830e34295;68316f7b-139c-339f-b099-89583b7d8095;2015-09-01T00:30:00Z;2015-09-01T00:45:00Z
test.arepresentative;COMPLEXssap!;c8f825cd-c3ab-4c13-9645-a929b99a1209;75f35e9a-5ad6-34fa-a47a-764b84292962;2015-09-01T00:30:00Z;2015-09-01T00:45:00Z
tem;COMPLEXssap!;07235ef2-4db8-4d2a-affe-e23830e34295;7dfe97ec-3725-353e-8a74-a26ce9d498bf;2015-09-01T00:30:00Z;2015-09-01T00:45:00Z
test.arepresentative;COMPLEXssap!;c8f825cd-c3ab-4c13-9645-a929b99a1209;93ab5c76-dd6b-33fa-9b21-973ed832ebaf;2015-09-01T00:30:00Z;2015-09-01T00:45:00Z
tem;COMPLEXssap!;07235ef2-4db8-4d2a-affe-e23830e34295;9b9bb503-bd7d-3f11-890d-1e679a6c4595;2015-09-01T00:30:00Z;2015-09-01T00:45:00Z
test.arepresentative;COMPLEXssap!;c8f825cd-c3ab-4c13-9645-a929b99a1209;d813a85e-7bdd-38e0-853e-c0c3a4950634;2015-09-01T00:30:00Z;2015-09-01T00:45:00Z
tem;COMPLEXssap!;07235ef2-4db8-4d2a-affe-e23830e34295;d81407ea-b04d-3535-94f8-1cf088d8f656;2015-09-01T00:30:00Z;2015-09-01T00:45:00Z
test.arepresentative;COMPLEXssap!;c8f825cd-c3ab-4c13-9645-a929b99a1209;db198659-7357-394e-86c9-3817ae39ff23;2015-09-01T00:30:00Z;2015-09-01T00:45:00Z
tem;COMPLEXssap!;07235ef2-4db8-4d2a-affe-e23830e34295;e0efc515-a71b-3339-ac8b-602e3e005b9f;2015-09-01T00:30:00Z;2015-09-01T00:45:00Z
test.arepresentative;COMPLEXssap!;c8f825cd-c3ab-4c13-9645-a929b99a1209;f4776bbe-64b6-3ab8-906e-54b43eb0675e;2015-09-01T00:30:00Z;2015-09-01T00:45:00Z
tem;COMPLEXssap!;07235ef2-4db8-4d2a-affe-e23830e34295;06dd4322-c1d0-39fb-b25f-1f5a649e697c;2015-09-01T00:45:00Z;2015-09-01T01:00:00Z
test.arepresentative;COMPLEXssap!;c8f825cd-c3ab-4c13-9645-a929b99a1209;08ec8a7f-5855-359e-b2af-ad0013c47b6a;2015-09-01T00:45:00Z;2015-09-01T01:00:00Z
tem;COMPLEXssap!;07235ef2-4db8-4d2a-affe-e23830e34295;1852cb86-2527-46d6-8b71-96be7388ab51;2015-09-01T00:45:00Z;2015-09-01T01:00:00Z
test.arepresentative;COMPLEXssap!;c8f825cd-c3ab-4c13-9645-a929b99a1209;2807e1d1-8a38-3ce0-98ae-a579549848b2;2015-09-01T00:45:00Z;2015-09-01T01:00:00Z
tem;COMPLEXssap!;07235ef2-4db8-4d2a-affe-e23830e34295;2ef3ba65-bbc0-3419-a4e3-8fd332f71977;2015-09-01T00:45:00Z;2015-09-01T01:00:00Z
test.arepresentative;COMPLEXssap!;c8f825cd-c3ab-4c13-9645-a929b99a1209;361f9492-3d2d-3678-bfd8-82c9813d020d;2015-09-01T00:45:00Z;2015-09-01T01:00:00Z
tem;COMPLEXssap!;07235ef2-4db8-4d2a-affe-e23830e34295;65063d24-150b-32d0-be6e-b8e428f6957b;2015-09-01T00:45:00Z;2015-09-01T01:00:00Z
test.arepresentative;COMPLEXssap!;c8f825cd-c3ab-4c13-9645-a929b99a1209;68316f7b-139c-339f-b099-89583b7d8095;2015-09-01T00:45:00Z;2015-09-01T01:00:00Z
tem;COMPLEXssap!;07235ef2-4db8-4d2a-affe-e23830e34295;75f35e9a-5ad6-34fa-a47a-764b84292962;2015-09-01T00:45:00Z;2015-09-01T01:00:00Z
test.arepresentative;COMPLEXssap!;c8f825cd-c3ab-4c13-9645-a929b99a1209;7dfe97ec-3725-353e-8a74-a26ce9d498bf;2015-09-01T00:45:00Z;2015-09-01T01:00:00Z
tem;COMPLEXssap!;07235ef2-4db8-4d2a-affe-e23830e34295;93ab5c76-dd6b-33fa-9b21-973ed832ebaf;2015-09-01T00:45:00Z;2015-09-01T01:00:00Z
test.arepresentative;COMPLEXssap!;c8f825cd-c3ab-4c13-9645-a929b99a1209;9b9bb503-bd7d-3f11-890d-1e679a6c4595;2015-09-01T00:45:00Z;2015-09-01T01:00:00Z
tem;COMPLEXssap!;07235ef2-4db8-4d2a-affe-e23830e34295;d813a85e-7bdd-38e0-853e-c0c3a4950634;2015-09-01T00:45:00Z;2015-09-01T01:00:00Z
test.arepresentative;COMPLEXssap!;c8f825cd-c3ab-4c13-9645-a929b99a1209;d81407ea-b04d-3535-94f8-1cf088d8f656;2015-09-01T00:45:00Z;2015-09-01T01:00:00Z
tem;COMPLEXssap!;07235ef2-4db8-4d2a-affe-e23830e34295;db198659-7357-394e-86c9-3817ae39ff23;2015-09-01T00:45:00Z;2015-09-01T01:00:00Z
test.arepresentative;COMPLEXssap!;c8f825cd-c3ab-4c13-9645-a929b99a1209;e0efc515-a71b-3339-ac8b-602e3e005b9f;2015-09-01T00:45:00Z;2015-09-01T01:00:00Z
tem;COMPLEXssap!;07235ef2-4db8-4d2a-affe-e23830e34295;f4776bbe-64b6-3ab8-906e-54b43eb0675e;2015-09-01T00:45:00Z;2015-09-01T01:00:00Z
test.arepresentative;COMPLEXssap!;c8f825cd-c3ab-4c13-9645-a929b99a1209;06dd4322-c1d0-39fb-b25f-1f5a649e697c;2015-09-01T01:00:00Z;2015-09-01T01:15:00Z
tem;COMPLEXssap!;07235ef2-4db8-4d2a-affe-e23830e34295;08ec8a7f-5855-359e-b2af-ad0013c47b6a;2015-09-01T01:00:00Z;2015-09-01T01:15:00Z
test.arepresentative;COMPLEXssap!;c8f825cd-c3ab-4c13-9645-a929b99a1209;1852cb86-2527-46d6-8b71-96be7388ab51;2015-09-01T01:00:00Z;2015-09-01T01:15:00Z
tem;COMPLEXssap!;07235ef2-4db8-4d2a-affe-e23830e34295;2807e1d1-8a38-3ce0-98ae-a579549848b2;2015-09-01T01:00:00Z;2015-09-01T01:15:00Z
test.arepresentative;COMPLEXssap!;c8f825cd-c3ab-4c13-9645-a929b99a1209;2ef3ba65-bbc0-3419-a4e3-8fd332f71977;2015-09-01T01:00:00Z;2015-09-01T01:15:00Z
tem;COMPLEXssap!;07235ef2-4db8-4d2a-affe-e23830e34295;361f9492-3d2d-3678-bfd8-82c9813d020d;2015-09-01T01:00:00Z;2015-09-01T01:15:00Z
test.arepresentative;COMPLEXssap!;c8f825cd-c3ab-4c13-9645-a929b99a1209;65063d24-150b-32d0-be6e-b8e428f6957b;2015-09-01T01:00:00Z;2015-09-01T01:15:00Z
tem;COMPLEXssap!;07235ef2-4db8-4d2a-affe-e23830e34295;68316f7b-139c-339f-b099-89583b7d8095;2015-09-01T01:00:00Z;2015-09-01T01:15:00Z
test.arepresentative;COMPLEXssap!;c8f825cd-c3ab-4c13-9645-a929b99a1209;75f35e9a-5ad6-34fa-a47a-764b84292962;2015-09-01T01:00:00Z;2015-09-01T01:15:00Z
tem;COMPLEXssap!;07235ef2-4db8-4d2a-affe-e23830e34295;7dfe97ec-3725-353e-8a74-a26ce9d498bf;2015-09-01T01:00:00Z;2015-09-01T01:15:00Z
test.arepresentative;COMPLEXssap!;c8f825cd-c3ab-4c13-9645-a929b99a1209;93ab5c76-dd6b-33fa-9b21-973ed832ebaf;2015-09-01T01:00:00Z;2015-09-01T01:15:00Z
tem;COMPLEXssap!;07235ef2-4db8-4d2a-affe-e23830e34295;9b9bb503-bd7d-3f11-890d-1e679a6c4595;2015-09-01T01:00:00Z;2015-09-01T01:15:00Z
test.arepresentative;COMPLEXssap!;c8f825cd-c3ab-4c13-9645-a929b99a1209;d813a85e-7bdd-38e0-853e-c0c3a4950634;2015-09-01T01:00:00Z;2015-09-01T01:15:00Z
tem;COMPLEXssap!;07235ef2-4db8-4d2a-affe-e23830e34295;d81407ea-b04d-3535-94f8-1cf088d8f656;2015-09-01T01:00:00Z;2015-09-01T01:15:00Z
test.arepresentative;COMPLEXssap!;c8f825cd-c3ab-4c13-9645-a929b99a1209;db198659-7357-394e-86c9-3817ae39ff23;2015-09-01T01:00:00Z;2015-09-01T01:15:00Z
tem;COMPLEXssap!;07235ef2-4db8-4d2a-affe-e23830e34295;e0efc515-a71b-3339-ac8b-602e3e005b9f;2015-09-01T01:00:00Z;2015-09-01T01:15:00Z
test.arepresentative;COMPLEXssap!;c8f825cd-c3ab-4c13-9645-a929b99a1209;f4776bbe-64b6-3ab8-906e-54b43eb0675e;2015-09-01T01:00:00Z;2015-09-01T01:15:00Z
tem;COMPLEXssap!;07235ef2-4db8-4d2a-affe-e23830e34295;06dd4322-c1d0-39fb-b25f-1f5a649e697c;2015-09-01T01:15:00Z;2015-09-01T01:30:00Z
test.arepresentative;COMPLEXssap!;c8f825cd-c3ab-4c13-9645-a929b99a1209;08ec8a7f-5855-359e-b2af-ad0013c47b6a;2015-09-01T01:15:00Z;2015-09-01T01:30:00Z
tem;COMPLEXssap!;07235ef2-4db8-4d2a-affe-e23830e34295;1852cb86-2527-46d6-8b71-96be7388ab51;2015-09-01T01:15:00Z;2015-09-01T01:30:00Z
test.arepresentative;COMPLEXssap!;c8f825cd-c3ab-4c13-9645-a929b99a1209;2807e1d1-8a38-3ce0-98ae-a579549848b2;2015-09-01T01:15:00Z;2015-09-01T01:30:00Z
tem;COMPLEXssap!;07235ef2-4db8-4d2a-affe-e23830e34295;2ef3ba65-bbc0-3419-a4e3-8fd332f71977;2015-09-01T01:15:00Z;2015-09-01T01:30:00Z
test.arepresentative;COMPLEXssap!;c8f825cd-c3ab-4c13-9645-a929b99a1209;361f9492-3d2d-3678-bfd8-82c9813d020d;2015-09-01T01:15:00Z;2015-09-01T01:30:00Z
tem;COMPLEXssap!;07235ef2-4db8-4d2a-affe-e23830e34295;65063d24-150b-32d0-be6e-b8e428f6957b;2015-09-01T01:15:00Z;2015-09-01T01:30:00Z
test.arepresentative;COMPLEXssap!;c8f825cd-c3ab-4c13-9645-a929b99a1209;68316f7b-139c-339f-b099-89583b7d8095;2015-09-01T01:15:00Z;2015-09-01T01:30:00Z
tem;COMPLEXssap!;07235ef2-4db8-4d2a-affe-e23830e34295;75f35e9a-5ad6-34fa-a47a-764b84292962;2015-09-01T01:15:00Z;2015-09-01T01:30:00Z
test.arepresentative;COMPLEXssap!;c8f825cd-c3ab-4c13-9645-a929b99a1209;7dfe97ec-3725-353e-8a74-a26ce9d498bf;2015-09-01T01:15:00Z;2015-09-01T01:30:00Z
tem;COMPLEXssap!;07235ef2-4db8-4d2a-affe-e23830e34295;93ab5c76-dd6b-33fa-9b21-973ed832ebaf;2015-09-01T01:15:00Z;2015-09-01T01:30:00Z
test.arepresentative;COMPLEXssap!;c8f825cd-c3ab-4c13-9645-a929b99a1209;9b9bb503-bd7d-3f11-890d-1e679a6c4595;2015-09-01T01:15:00Z;2015-09-01T01:30:00Z
tem;COMPLEXssap!;07235ef2-4db8-4d2a-affe-e23830e34295;d813a85e-7bdd-38e0-853e-c0c3a4950634;2015-09-01T01:15:00Z;2015-09-01T01:30:00Z
test.arepresentative;COMPLEXssap!;c8f825cd-c3ab-4c13-9645-a929b99a1209;d81407ea-b04d-3535-94f8-1cf088d8f656;2015-09-01T01:15:00Z;2015-09-01T01:30:00Z
tem;COMPLEXssap!;07235ef2-4db8-4d2a-affe-e23830e34295;db198659-7357-394e-86c9-3817ae39ff23;2015-09-01T01:15:00Z;2015-09-01T01:30:00Z
test.arepresentative;COMPLEXssap!;c8f825cd-c3ab-4c13-9645-a929b99a1209;e0efc515-a71b-3339-ac8b-602e3e005b9f;2015-09-01T01:15:00Z;2015-09-01T01:30:00Z
tem;COMPLEXssap!;07235ef2-4db8-4d2a-affe-e23830e34295;f4776bbe-64b6-3ab8-906e-54b43eb0675e;2015-09-01T01:15:00Z;2015-09-01T01:30:00Z
test.arepresentative;COMPLEXssap!;c8f825cd-c3ab-4c13-9645-a929b99a1209;06dd4322-c1d0-39fb-b25f-1f5a649e697c;2015-09-01T01:30:00Z;2015-09-01T01:45:00Z
tem;COMPLEXssap!;07235ef2-4db8-4d2a-affe-e23830e34295;08ec8a7f-5855-359e-b2af-ad0013c47b6a;2015-09-01T01:30:00Z;2015-09-01T01:45:00Z
test.arepresentative;COMPLEXssap!;c8f825cd-c3ab-4c13-9645-a929b99a1209;1852cb86-2527-46d6-8b71-96be7388ab51;2015-09-01T01:30:00Z;2015-09-01T01:45:00Z
tem;COMPLEXssap!;07235ef2-4db8-4d2a-affe-e23830e34295;2807e1d1-8a38-3ce0-98ae-a579549848b2;2015-09-01T01:30:00Z;2015-09-01T01:45:00Z
test.arepresentative;COMPLEXssap!;c8f825cd-c3ab-4c13-9645-a929b99a1209;2ef3ba65-bbc0-3419-a4e3-8fd332f71977;2015-09-01T01:30:00Z;2015-09-01T01:45:00Z
tem;COMPLEXssap!;07235ef2-4db8-4d2a-affe-e23830e34295;361f9492-3d2d-3678-bfd8-82c9813d020d;2015-09-01T01:30:00Z;2015-09-01T01:45:00Z
test.arepresentative;COMPLEXssap!;c8f825cd-c3ab-4c13-9645-a929b99a1209;65063d24-150b-32d0-be6e-b8e428f6957b;2015-09-01T01:30:00Z;2015-09-01T01:45:00Z
tem;COMPLEXssap!;07235ef2-4db8-4d2a-affe-e23830e34295;68316f7b-139c-339f-b099-89583b7d8095;2015-09-01T01:30:00Z;2015-09-01T01:45:00Z
test.arepresentative;COMPLEXssap!;c8f825cd-c3ab-4c13-9645-a929b99a1209;75f35e9a-5ad6-34fa-a47a-764b84292962;2015-09-01T01:30:00Z;2015-09-01T01:45:00Z
tem;COMPLEXssap!;07235ef2-4db8-4d2a-affe-e23830e34295;7dfe97ec-3725-353e-8a74-a26ce9d498bf;2015-09-01T01:30:00Z;2015-09-01T01:45:00Z
test.arepresentative;COMPLEXssap!;c8f825cd-c3ab-4c13-9645-a929b99a1209;93ab5c76-dd6b-33fa-9b21-973ed832ebaf;2015-09-01T01:30:00Z;2015-09-01T01:45:00Z
tem;COMPLEXssap!;07235ef2-4db8-4d2a-affe-e23830e34295;9b9bb503-bd7d-3f11-890d-1e679a6c4595;2015-09-01T01:30:00Z;2015-09-01T01:45:00Z
test.arepresentative;COMPLEXssap!;c8f825cd-c3ab-4c13-9645-a929b99a1209;d813a85e-7bdd-38e0-853e-c0c3a4950634;2015-09-01T01:30:00Z;2015-09-01T01:45:00Z
tem;COMPLEXssap!;07235ef2-4db8-4d2a-affe-e23830e34295;d81407ea-b04d-3535-94f8-1cf088d8f656;2015-09-01T01:30:00Z;2015-09-01T01:45:00Z
test.arepresentative;COMPLEXssap!;c8f825cd-c3ab-4c13-9645-a929b99a1209;db198659-7357-394e-86c9-3817ae39ff23;2015-09-01T01:30:00Z;2015-09-01T01:45:00Z
tem;COMPLEXssap!;07235ef2-4db8-4d2a-affe-e23830e34295;e0efc515-a71b-3339-ac8b-602e3e005b9f;2015-09-01T01:30:00Z;2015-09-01T01:45:00Z
test.arepresentative;COMPLEXssap!;c8f825cd-c3ab-4c13-9645-a929b99a1209;f4776bbe-64b6-3ab8-906e-54b43eb0675e;2015-09-01T01:30:00Z;2015-09-01T01:45:00Z
tem;COMPLEXssap!;07235ef2-4db8-4d2a-affe-e23830e34295;06dd4322-c1d0-39fb-b25f-1f5a649e697c;2015-09-01T01:45:00Z;2015-09-01T02:00:00Z
test.arepresentative;COMPLEXssap!;c8f825cd-c3ab-4c13-9645-a929b99a1209;08ec8a7f-5855-359e-b2af-ad0013c47b6a;2015-09-01T01:45:00Z;2015-09-01T02:00:00Z
tem;COMPLEXssap!;07235ef2-4db8-4d2a-affe-e23830e34295;1852cb86-2527-46d6-8b71-96be7388ab51;2015-09-01T01:45:00Z;2015-09-01T02:00:00Z
test.arepresentative;COMPLEXssap!;c8f825cd-c3ab-4c13-9645-a929b99a1209;2807e1d1-8a38-3ce0-98ae-a579549848b2;2015-09-01T01:45:00Z;2015-09-01T02:00:00Z
tem;COMPLEXssap!;07235ef2-4db8-4d2a-affe-e23830e34295;2ef3ba65-bbc0-3419-a4e3-8fd332f71977;2015-09-01T01:45:00Z;2015-09-01T02:00:00Z
test.arepresentative;COMPLEXssap!;c8f825cd-c3ab-4c13-9645-a929b99a1209;361f9492-3d2d-3678-bfd8-82c9813d020d;2015-09-01T01:45:00Z;2015-09-01T02:00:00Z
tem;COMPLEXssap!;07235ef2-4db8-4d2a-affe-e23830e34295;65063d24-150b-32d0-be6e-b8e428f6957b;2015-09-01T01:45:00Z;2015-09-01T02:00:00Z
test.arepresentative;COMPLEXssap!;c8f825cd-c3ab-4c13-9645-a929b99a1209;68316f7b-139c-339f-b099-89583b7d8095;2015-09-01T01:45:00Z;2015-09-01T02:00:00Z
tem;COMPLEXssap!;07235ef2-4db8-4d2a-affe-e23830e34295;75f35e9a-5ad6-34fa-a47a-764b84292962;2015-09-01T01:45:00Z;2015-09-01T02:00:00Z
test.arepresentative;COMPLEXssap!;c8f825cd-c3ab-4c13-9645-a929b99a1209;7dfe97ec-3725-353e-8a74-a26ce9d498bf;2015-09-01T01:45:00Z;2015-09-01T02:00:00Z
tem;COMPLEXssap!;07235ef2-4db8-4d2a-affe-e23830e34295;93ab5c76-dd6b-33fa-9b21-973ed832ebaf;2015-09-01T01:45:00Z;2015-09-01T02:00:00Z
test.arepresentative;COMPLEXssap!;c8f825cd-c3ab-4c13-9645-a929b99a1209;9b9bb503-bd7d-3f11-890d-1e679a6c4595;2015-09-01T01:45:00Z;2015-09-01T02:00:00Z
tem;COMPLEXssap!;07235ef2-4db8-4d2a-affe-e23830e34295;d813a85e-7bdd-38e0-853e-c0c3a4950634;2015-09-01T01:45:00Z;2015-09-01T02:00:00Z
test.arepresentative;COMPLEXssap!;c8f825cd-c3ab-4c13-9645-a929b99a1209;d81407ea-b04d-3535-94f8-1cf088d8f656;2015-09-01T01:45:00Z;2015-09-01T02:00:00Z
tem;COMPLEXssap!;07235ef2-4db8-4d2a-affe-e23830e34295;db198659-7357-394e-86c9-3817ae39ff23;2015-09-01T01:45:00Z;2015-09-01T02:00:00Z
test.arepresentative;COMPLEXssap!;c8f825cd-c3ab-4c13-9645-a929b99a1209;e0efc515-a71b-3339-ac8b-602e3e005b9f;2015-09-01T01:45:00Z;2015-09-01T02:00:00Z
tem;COMPLEXssap!;07235ef2-4db8-4d2a-affe-e23830e34295;f4776bbe-64b6-3ab8-906e-54b43eb0675e;2015-09-01T01:45:00Z;2015-09-01T02:00:00Z
test.arepresentative;COMPLEXssap!;c8f825cd-c3ab-4c13-9645-a929b99a1209;06dd4322-c1d0-39fb-b25f-1f5a649e697c;2015-09-01T02:00:00Z;2015-09-01T02:15:00Z
tem;COMPLEXssap!;07235ef2-4db8-4d2a-affe-e23830e34295;08ec8a7f-5855-359e-b2af-ad0013c47b6a;2015-09-01T02:00:00Z;2015-09-01T02:15:00Z
test.arepresentative;COMPLEXssap!;c8f825cd-c3ab-4c13-9645-a929b99a1209;1852cb86-2527-46d6-8b71-96be7388ab51;2015-09-01T02:00:00Z;2015-09-01T02:15:00Z
tem;COMPLEXssap!;07235ef2-4db8-4d2a-affe-e23830e34295;2807e1d1-8a38-3ce0-98ae-a579549848b2;2015-09-01T02:00:00Z;2015-09-01T02:15:00Z
test.arepresentative;COMPLEXssap!;c8f825cd-c3ab-4c13-9645-a929b99a1209;2ef3ba65-bbc0-3419-a4e3-8fd332f71977;2015-09-01T02:00:00Z;2015-09-01T02:15:00Z
tem;COMPLEXssap!;07235ef2-4db8-4d2a-affe-e23830e34295;361f9492-3d2d-3678-bfd8-82c9813d020d;2015-09-01T02:00:00Z;2015-09-01T02:15:00Z
test.arepresentative;COMPLEXssap!;c8f825cd-c3ab-4c13-9645-a929b99a1209;65063d24-150b-32d0-be6e-b8e428f6957b;2015-09-01T02:00:00Z;2015-09-01T02:15:00Z
tem;COMPLEXssap!;07235ef2-4db8-4d2a-affe-e23830e34295;68316f7b-139c-339f-b099-89583b7d8095;2015-09-01T02:00:00Z;2015-09-01T02:15:00Z
test.arepresentative;COMPLEXssap!;c8f825cd-c3ab-4c13-9645-a929b99a1209;75f35e9a-5ad6-34fa-a47a-764b84292962;2015-09-01T02:00:00Z;2015-09-01T02:15:00Z
tem;COMPLEXssap!;07235ef2-4db8-4d2a-affe-e23830e34295;7dfe97ec-3725-353e-8a74-a26ce9d498bf;2015-09-01T02:00:00Z;2015-09-01T02:15:00Z
test.arepresentative;COMPLEXssap!;c8f825cd-c3ab-4c13-9645-a929b99a1209;93ab5c76-dd6b-33fa-9b21-973ed832ebaf;2015-09-01T02:00:00Z;2015-09-01T02:15:00Z
tem;COMPLEXssap!;07235ef2-4db8-4d2a-affe-e23830e34295;9b9bb503-bd7d-3f11-890d-1e679a6c4595;2015-09-01T02:00:00Z;2015-09-01T02:15:00Z
test.arepresentative;COMPLEXssap!;c8f825cd-c3ab-4c13-9645-a929b99a1209;d813a85e-7bdd-38e0-853e-c0c3a4950634;2015-09-01T02:00:00Z;2015-09-01T02:15:00Z
tem;COMPLEXssap!;07235ef2-4db8-4d2a-affe-e23830e34295;d81407ea-b04d-3535-94f8-1cf088d8f656;2015-09-01T02:00:00Z;2015-09-01T02:15:00Z
test.arepresentative;COMPLEXssap!;c8f825cd-c3ab-4c13-9645-a929b99a1209;db198659-7357-394e-86c9-3817ae39ff23;2015-09-01T02:00:00Z;2015-09-01T02:15:00Z
tem;COMPLEXssap!;07235ef2-4db8-4d2a-affe-e23830e34295;e0efc515-a71b-3339-ac8b-602e3e005b9f;2015-09-01T02:00:00Z;2015-09-01T02:15:00Z
test.arepresentative;COMPLEXssap!;c8f825cd-c3ab-4c13-9645-a929b99a1209;f4776bbe-64b6-3ab8-906e-54b43eb0675e;2015-09-01T02:00:00Z;2015-09-01T02:15:00Z
tem;COMPLEXssap!;07235ef2-4db8-4d2a-affe-e23830e34295;06dd4322-c1d0-39fb-b25f-1f5a649e697c;2015-09-01T02:15:00Z;2015-09-01T02:30:00Z
test.arepresentative;COMPLEXssap!;c8f825cd-c3ab-4c13-9645-a929b99a1209;08ec8a7f-5855-359e-b2af-ad0013c47b6a;2015-09-01T02:15:00Z;2015-09-01T02:30:00Z
tem;COMPLEXssap!;07235ef2-4db8-4d2a-affe-e23830e34295;1852cb86-2527-46d6-8b71-96be7388ab51;2015-09-01T02:15:00Z;2015-09-01T02:30:00Z
test.arepresentative;COMPLEXssap!;c8f825cd-c3ab-4c13-9645-a929b99a1209;2807e1d1-8a38-3ce0-98ae-a579549848b2;2015-09-01T02:15:00Z;2015-09-01T02:30:00Z
tem;COMPLEXssap!;07235ef2-4db8-4d2a-affe-e23830e34295;2ef3ba65-bbc0-3419-a4e3-8fd332f71977;2015-09-01T02:15:00Z;2015-09-01T02:30:00Z
test.arepresentative;COMPLEXssap!;c8f825cd-c3ab-4c13-9645-a929b99a1209;361f9492-3d2d-3678-bfd8-82c9813d020d;2015-09-01T02:15:00Z;2015-09-01T02:30:00Z
tem;COMPLEXssap!;07235ef2-4db8-4d2a-affe-e23830e34295;65063d24-150b-32d0-be6e-b8e428f6957b;2015-09-01T02:15:00Z;2015-09-01T02:30:00Z
test.arepresentative;COMPLEXssap!;c8f825cd-c3ab-4c13-9645-a929b99a1209;68316f7b-139c-339f-b099-89583b7d8095;2015-09-01T02:15:00Z;2015-09-01T02:30:00Z
tem;COMPLEXssap!;07235ef2-4db8-4d2a-affe-e23830e34295;75f35e9a-5ad6-34fa-a47a-764b84292962;2015-09-01T02:15:00Z;2015-09-01T02:30:00Z
test.arepresentative;COMPLEXssap!;c8f825cd-c3ab-4c13-9645-a929b99a1209;7dfe97ec-3725-353e-8a74-a26ce9d498bf;2015-09-01T02:15:00Z;2015-09-01T02:30:00Z
tem;COMPLEXssap!;07235ef2-4db8-4d2a-affe-e23830e34295;93ab5c76-dd6b-33fa-9b21-973ed832ebaf;2015-09-01T02:15:00Z;2015-09-01T02:30:00Z
test.arepresentative;COMPLEXssap!;c8f825cd-c3ab-4c13-9645-a929b99a1209;9b9bb503-bd7d-3f11-890d-1e679a6c4595;2015-09-01T02:15:00Z;2015-09-01T02:30:00Z
tem;COMPLEXssap!;07235ef2-4db8-4d2a-affe-e23830e34295;d813a85e-7bdd-38e0-853e-c0c3a4950634;2015-09-01T02:15:00Z;2015-09-01T02:30:00Z
test.arepresentative;COMPLEXssap!;c8f825cd-c3ab-4c13-9645-a929b99a1209;d81407ea-b04d-3535-94f8-1cf088d8f656;2015-09-01T02:15:00Z;2015-09-01T02:30:00Z
tem;COMPLEXssap!;07235ef2-4db8-4d2a-affe-e23830e34295;db198659-7357-394e-86c9-3817ae39ff23;2015-09-01T02:15:00Z;2015-09-01T02:30:00Z
test.arepresentative;COMPLEXssap!;c8f825cd-c3ab-4c13-9645-a929b99a1209;e0efc515-a71b-3339-ac8b-602e3e005b9f;2015-09-01T02:15:00Z;2015-09-01T02:30:00Z
tem;COMPLEXssap!;07235ef2-4db8-4d2a-affe-e23830e34295;f4776bbe-64b6-3ab8-906e-54b43eb0675e;2015-09-01T02:15:00Z;2015-09-01T02:30:00Z
test.arepresentative;COMPLEXssap!;c8f825cd-c3ab-4c13-9645-a929b99a1209;06dd4322-c1d0-39fb-b25f-1f5a649e697c;2015-09-01T02:30:00Z;2015-09-01T02:45:00Z
tem;COMPLEXssap!;07235ef2-4db8-4d2a-affe-e23830e34295;08ec8a7f-5855-359e-b2af-ad0013c47b6a;2015-09-01T02:30:00Z;2015-09-01T02:45:00Z
test.arepresentative;COMPLEXssap!;c8f825cd-c3ab-4c13-9645-a929b99a1209;1852cb86-2527-46d6-8b71-96be7388ab51;2015-09-01T02:30:00Z;2015-09-01T02:45:00Z
tem;COMPLEXssap!;07235ef2-4db8-4d2a-affe-e23830e34295;2807e1d1-8a38-3ce0-98ae-a579549848b2;2015-09-01T02:30:00Z;2015-09-01T02:45:00Z
test.arepresentative;COMPLEXssap!;c8f825cd-c3ab-4c13-9645-a929b99a1209;2ef3ba65-bbc0-3419-a4e3-8fd332f71977;2015-09-01T02:30:00Z;2015-09-01T02:45:00Z
tem;COMPLEXssap!;07235ef2-4db8-4d2a-affe-e23830e34295;361f9492-3d2d-3678-bfd8-82c9813d020d;2015-09-01T02:30:00Z;2015-09-01T02:45:00Z
test.arepresentative;COMPLEXssap!;c8f825cd-c3ab-4c13-9645-a929b99a1209;65063d24-150b-32d0-be6e-b8e428f6957b;2015-09-01T02:30:00Z;2015-09-01T02:45:00Z
tem;COMPLEXssap!;07235ef2-4db8-4d2a-affe-e23830e34295;68316f7b-139c-339f-b099-89583b7d8095;2015-09-01T02:30:00Z;2015-09-01T02:45:00Z
test.arepresentative;COMPLEXssap!;c8f825cd-c3ab-4c13-9645-a929b99a1209;75f35e9a-5ad6-34fa-a47a-764b84292962;2015-09-01T02:30:00Z;2015-09-01T02:45:00Z
tem;COMPLEXssap!;07235ef2-4db8-4d2a-affe-e23830e34295;7dfe97ec-3725-353e-8a74-a26ce9d498bf;2015-09-01T02:30:00Z;2015-09-01T02:45:00Z
test.arepresentative;COMPLEXssap!;c8f825cd-c3ab-4c13-9645-a929b99a1209;93ab5c76-dd6b-33fa-9b21-973ed832ebaf;2015-09-01T02:30:00Z;2015-09-01T02:45:00Z
tem;COMPLEXssap!;07235ef2-4db8-4d2a-affe-e23830e34295;9b9bb503-bd7d-3f11-890d-1e679a6c4595;2015-09-01T02:30:00Z;2015-09-01T02:45:00Z
test.arepresentative;COMPLEXssap!;c8f825cd-c3ab-4c13-9645-a929b99a1209;d813a85e-7bdd-38e0-853e-c0c3a4950634;2015-09-01T02:30:00Z;2015-09-01T02:45:00Z
tem;COMPLEXssap!;07235ef2-4db8-4d2a-affe-e23830e34295;d81407ea-b04d-3535-94f8-1cf088d8f656;2015-09-01T02:30:00Z;2015-09-01T02:45:00Z
test.arepresentative;COMPLEXssap!;c8f825cd-c3ab-4c13-9645-a929b99a1209;db198659-7357-394e-86c9-3817ae39ff23;2015-09-01T02:30:00Z;2015-09-01T02:45:00Z
tem;COMPLEXssap!;07235ef2-4db8-4d2a-affe-e23830e34295;e0efc515-a71b-3339-ac8b-602e3e005b9f;2015-09-01T02:30:00Z;2015-09-01T02:45:00Z
test.arepresentative;COMPLEXssap!;c8f825cd-c3ab-4c13-9645-a929b99a1209;f4776bbe-64b6-3ab8-906e-54b43eb0675e;2015-09-01T02:30:00Z;2015-09-01T02:45:00Z
